{
  "loss": 0.3189813196659088,
  "accuracy": 0.8728323578834534,
  "precision": 0.7272727489471436,
  "recall": 0.9824561476707458,
  "f1": 0.8358208635987848
}